"","x"
"1","TRUE"
"2","TRUE"
"3","TRUE"
"4","TRUE"
"5","TRUE"
"6","TRUE"
"7","TRUE"
"8","TRUE"
"9","TRUE"
"10","TRUE"
"11","TRUE"
"12","FALSE"
"13","TRUE"
"14","TRUE"
"15","TRUE"
"16","FALSE"
"17","TRUE"
"18","FALSE"
"19","TRUE"
"20","TRUE"
"21","TRUE"
"22","FALSE"
"23","TRUE"
"24","TRUE"
"25","TRUE"
"26","TRUE"
"27","TRUE"
"28","FALSE"
"29","TRUE"
"30","TRUE"
"31","TRUE"
"32","TRUE"
"33","TRUE"
"34","TRUE"
"35","TRUE"
"36","TRUE"
"37","TRUE"
"38","TRUE"
"39","FALSE"
"40","FALSE"
"41","TRUE"
"42","TRUE"
"43","TRUE"
"44","TRUE"
"45","TRUE"
"46","FALSE"
"47","TRUE"
"48","TRUE"
"49","TRUE"
"50","TRUE"
"51","TRUE"
"52","FALSE"
"53","TRUE"
"54","TRUE"
"55","TRUE"
"56","TRUE"
"57","TRUE"
"58","TRUE"
"59","TRUE"
"60","FALSE"
"61","TRUE"
"62","TRUE"
"63","TRUE"
"64","TRUE"
"65","TRUE"
"66","TRUE"
"67","TRUE"
"68","TRUE"
"69","TRUE"
"70","FALSE"
"71","TRUE"
"72","TRUE"
"73","FALSE"
"74","TRUE"
"75","TRUE"
"76","TRUE"
"77","TRUE"
"78","TRUE"
"79","TRUE"
"80","TRUE"
"81","TRUE"
"82","TRUE"
"83","TRUE"
"84","TRUE"
"85","TRUE"
"86","TRUE"
"87","TRUE"
"88","TRUE"
"89","TRUE"
"90","TRUE"
"91","TRUE"
"92","TRUE"
"93","TRUE"
"94","TRUE"
"95","TRUE"
"96","TRUE"
"97","TRUE"
"98","TRUE"
"99","TRUE"
"100","FALSE"
"101","TRUE"
"102","TRUE"
"103","TRUE"
"104","FALSE"
"105","TRUE"
"106","TRUE"
"107","TRUE"
"108","TRUE"
"109","TRUE"
"110","TRUE"
"111","TRUE"
"112","FALSE"
"113","TRUE"
"114","TRUE"
"115","TRUE"
"116","TRUE"
"117","TRUE"
"118","TRUE"
"119","TRUE"
"120","FALSE"
"121","TRUE"
"122","FALSE"
"123","TRUE"
"124","TRUE"
"125","FALSE"
"126","FALSE"
"127","TRUE"
"128","TRUE"
"129","TRUE"
"130","TRUE"
"131","TRUE"
"132","TRUE"
"133","TRUE"
"134","TRUE"
"135","TRUE"
"136","TRUE"
"137","TRUE"
"138","FALSE"
"139","TRUE"
"140","TRUE"
"141","FALSE"
"142","TRUE"
"143","TRUE"
"144","TRUE"
"145","TRUE"
"146","TRUE"
"147","FALSE"
"148","TRUE"
"149","TRUE"
"150","TRUE"
"151","FALSE"
"152","TRUE"
"153","FALSE"
"154","TRUE"
"155","TRUE"
"156","TRUE"
"157","TRUE"
"158","TRUE"
"159","FALSE"
"160","TRUE"
"161","TRUE"
"162","TRUE"
"163","TRUE"
"164","TRUE"
"165","TRUE"
"166","TRUE"
"167","TRUE"
"168","TRUE"
"169","TRUE"
"170","TRUE"
"171","TRUE"
"172","TRUE"
"173","FALSE"
"174","TRUE"
"175","TRUE"
"176","TRUE"
"177","TRUE"
"178","TRUE"
"179","TRUE"
"180","TRUE"
"181","TRUE"
"182","TRUE"
"183","TRUE"
"184","TRUE"
"185","TRUE"
"186","TRUE"
"187","TRUE"
"188","TRUE"
"189","TRUE"
"190","TRUE"
"191","TRUE"
"192","TRUE"
"193","TRUE"
"194","FALSE"
"195","TRUE"
"196","TRUE"
"197","FALSE"
"198","FALSE"
"199","TRUE"
"200","FALSE"
"201","FALSE"
"202","TRUE"
"203","FALSE"
"204","TRUE"
"205","TRUE"
"206","TRUE"
"207","TRUE"
"208","TRUE"
"209","TRUE"
"210","TRUE"
"211","TRUE"
"212","TRUE"
"213","TRUE"
"214","FALSE"
"215","TRUE"
"216","FALSE"
"217","TRUE"
"218","TRUE"
"219","TRUE"
"220","TRUE"
"221","TRUE"
"222","TRUE"
"223","TRUE"
"224","TRUE"
"225","TRUE"
"226","TRUE"
"227","TRUE"
"228","FALSE"
"229","FALSE"
"230","TRUE"
"231","TRUE"
"232","FALSE"
"233","TRUE"
"234","TRUE"
"235","TRUE"
"236","TRUE"
"237","TRUE"
"238","TRUE"
"239","TRUE"
"240","TRUE"
"241","TRUE"
"242","FALSE"
"243","TRUE"
"244","TRUE"
"245","TRUE"
"246","TRUE"
"247","TRUE"
"248","TRUE"
"249","TRUE"
"250","TRUE"
"251","TRUE"
"252","TRUE"
"253","TRUE"
"254","TRUE"
"255","FALSE"
"256","TRUE"
"257","TRUE"
"258","TRUE"
"259","TRUE"
"260","TRUE"
"261","TRUE"
"262","TRUE"
"263","FALSE"
"264","FALSE"
"265","TRUE"
"266","TRUE"
"267","FALSE"
"268","TRUE"
"269","TRUE"
"270","TRUE"
"271","TRUE"
"272","TRUE"
"273","TRUE"
"274","FALSE"
"275","TRUE"
"276","TRUE"
"277","TRUE"
"278","TRUE"
"279","TRUE"
"280","TRUE"
"281","FALSE"
"282","TRUE"
"283","TRUE"
"284","FALSE"
"285","FALSE"
"286","TRUE"
"287","TRUE"
"288","FALSE"
"289","TRUE"
"290","TRUE"
"291","TRUE"
"292","TRUE"
"293","TRUE"
"294","TRUE"
"295","TRUE"
"296","TRUE"
"297","FALSE"
"298","TRUE"
"299","TRUE"
"300","TRUE"
"301","TRUE"
"302","TRUE"
"303","FALSE"
"304","TRUE"
"305","TRUE"
"306","TRUE"
"307","FALSE"
"308","FALSE"
"309","FALSE"
"310","TRUE"
"311","FALSE"
"312","TRUE"
"313","TRUE"
"314","TRUE"
"315","TRUE"
"316","FALSE"
"317","TRUE"
"318","TRUE"
"319","TRUE"
"320","TRUE"
"321","FALSE"
"322","TRUE"
"323","TRUE"
"324","TRUE"
"325","TRUE"
"326","TRUE"
"327","TRUE"
"328","TRUE"
"329","TRUE"
"330","TRUE"
"331","TRUE"
"332","TRUE"
"333","FALSE"
"334","TRUE"
"335","TRUE"
"336","TRUE"
"337","TRUE"
"338","TRUE"
"339","TRUE"
"340","TRUE"
"341","TRUE"
"342","FALSE"
"343","FALSE"
"344","TRUE"
"345","TRUE"
"346","FALSE"
"347","TRUE"
"348","TRUE"
"349","FALSE"
"350","FALSE"
"351","TRUE"
"352","FALSE"
"353","TRUE"
"354","TRUE"
"355","TRUE"
"356","TRUE"
"357","FALSE"
"358","TRUE"
"359","TRUE"
"360","TRUE"
"361","TRUE"
"362","TRUE"
"363","FALSE"
"364","TRUE"
"365","TRUE"
"366","TRUE"
"367","TRUE"
"368","TRUE"
"369","TRUE"
"370","TRUE"
"371","TRUE"
"372","TRUE"
"373","TRUE"
"374","TRUE"
"375","FALSE"
"376","TRUE"
"377","TRUE"
"378","TRUE"
"379","TRUE"
"380","TRUE"
"381","TRUE"
"382","TRUE"
"383","TRUE"
"384","TRUE"
"385","TRUE"
"386","TRUE"
"387","TRUE"
"388","TRUE"
"389","FALSE"
"390","TRUE"
"391","FALSE"
"392","TRUE"
"393","TRUE"
"394","TRUE"
"395","TRUE"
"396","TRUE"
"397","TRUE"
"398","TRUE"
"399","TRUE"
"400","TRUE"
"401","TRUE"
"402","TRUE"
"403","TRUE"
"404","TRUE"
"405","FALSE"
"406","TRUE"
"407","TRUE"
"408","TRUE"
"409","TRUE"
"410","TRUE"
"411","TRUE"
"412","FALSE"
"413","TRUE"
"414","TRUE"
"415","TRUE"
"416","TRUE"
"417","TRUE"
"418","TRUE"
"419","TRUE"
"420","TRUE"
"421","TRUE"
"422","TRUE"
"423","FALSE"
"424","TRUE"
"425","TRUE"
"426","TRUE"
"427","TRUE"
"428","TRUE"
"429","TRUE"
"430","TRUE"
"431","TRUE"
"432","TRUE"
"433","TRUE"
"434","TRUE"
"435","TRUE"
"436","TRUE"
"437","TRUE"
"438","TRUE"
"439","TRUE"
"440","TRUE"
"441","TRUE"
"442","FALSE"
"443","TRUE"
"444","TRUE"
"445","TRUE"
"446","TRUE"
"447","TRUE"
"448","TRUE"
"449","TRUE"
"450","TRUE"
"451","TRUE"
"452","TRUE"
"453","TRUE"
"454","TRUE"
"455","TRUE"
"456","FALSE"
"457","TRUE"
"458","TRUE"
"459","TRUE"
"460","TRUE"
"461","TRUE"
"462","TRUE"
"463","TRUE"
"464","FALSE"
"465","TRUE"
"466","TRUE"
"467","TRUE"
"468","TRUE"
"469","TRUE"
"470","TRUE"
"471","TRUE"
"472","TRUE"
"473","TRUE"
"474","TRUE"
"475","TRUE"
"476","TRUE"
"477","TRUE"
"478","TRUE"
"479","TRUE"
"480","TRUE"
"481","TRUE"
"482","TRUE"
"483","TRUE"
"484","TRUE"
"485","TRUE"
"486","TRUE"
"487","TRUE"
"488","TRUE"
"489","TRUE"
"490","TRUE"
"491","TRUE"
"492","TRUE"
"493","TRUE"
"494","TRUE"
"495","TRUE"
"496","TRUE"
"497","TRUE"
"498","TRUE"
"499","TRUE"
"500","TRUE"
"501","TRUE"
"502","TRUE"
"503","FALSE"
"504","TRUE"
"505","TRUE"
"506","TRUE"
"507","TRUE"
"508","TRUE"
"509","FALSE"
"510","TRUE"
"511","TRUE"
"512","TRUE"
"513","FALSE"
"514","TRUE"
"515","TRUE"
"516","TRUE"
"517","TRUE"
"518","TRUE"
"519","TRUE"
"520","TRUE"
"521","TRUE"
"522","TRUE"
"523","TRUE"
"524","TRUE"
"525","TRUE"
"526","FALSE"
"527","TRUE"
"528","TRUE"
"529","TRUE"
"530","FALSE"
"531","TRUE"
"532","TRUE"
"533","TRUE"
"534","TRUE"
"535","TRUE"
"536","FALSE"
"537","TRUE"
"538","TRUE"
"539","TRUE"
"540","TRUE"
"541","FALSE"
"542","TRUE"
"543","TRUE"
"544","TRUE"
"545","TRUE"
"546","FALSE"
"547","TRUE"
"548","TRUE"
"549","TRUE"
"550","TRUE"
"551","TRUE"
"552","FALSE"
"553","TRUE"
"554","FALSE"
"555","TRUE"
"556","FALSE"
"557","TRUE"
"558","TRUE"
"559","FALSE"
"560","FALSE"
"561","FALSE"
"562","TRUE"
"563","TRUE"
"564","TRUE"
"565","TRUE"
"566","TRUE"
"567","FALSE"
"568","TRUE"
"569","TRUE"
"570","TRUE"
"571","TRUE"
"572","TRUE"
"573","TRUE"
"574","TRUE"
"575","TRUE"
"576","TRUE"
"577","TRUE"
"578","TRUE"
"579","FALSE"
"580","TRUE"
"581","TRUE"
"582","TRUE"
"583","TRUE"
"584","TRUE"
"585","TRUE"
"586","TRUE"
"587","FALSE"
"588","TRUE"
"589","TRUE"
"590","TRUE"
"591","TRUE"
"592","TRUE"
"593","TRUE"
"594","TRUE"
"595","TRUE"
"596","TRUE"
"597","TRUE"
"598","TRUE"
"599","TRUE"
"600","TRUE"
"601","TRUE"
"602","TRUE"
"603","TRUE"
"604","TRUE"
"605","TRUE"
"606","TRUE"
"607","TRUE"
"608","TRUE"
"609","FALSE"
"610","FALSE"
"611","TRUE"
"612","TRUE"
"613","TRUE"
"614","TRUE"
"615","TRUE"
"616","TRUE"
"617","TRUE"
"618","FALSE"
"619","TRUE"
"620","FALSE"
"621","TRUE"
"622","TRUE"
"623","TRUE"
"624","TRUE"
"625","FALSE"
"626","TRUE"
"627","FALSE"
"628","TRUE"
"629","TRUE"
"630","TRUE"
"631","TRUE"
"632","FALSE"
"633","TRUE"
"634","FALSE"
"635","TRUE"
"636","TRUE"
"637","TRUE"
"638","TRUE"
"639","TRUE"
"640","TRUE"
"641","TRUE"
"642","TRUE"
"643","TRUE"
"644","FALSE"
"645","FALSE"
"646","TRUE"
"647","TRUE"
"648","TRUE"
"649","TRUE"
"650","TRUE"
"651","TRUE"
"652","TRUE"
"653","TRUE"
"654","TRUE"
"655","TRUE"
"656","TRUE"
"657","FALSE"
"658","FALSE"
"659","TRUE"
"660","TRUE"
"661","TRUE"
"662","TRUE"
"663","FALSE"
"664","TRUE"
"665","TRUE"
"666","TRUE"
"667","TRUE"
"668","TRUE"
"669","TRUE"
"670","TRUE"
"671","TRUE"
"672","TRUE"
"673","TRUE"
"674","TRUE"
"675","TRUE"
"676","TRUE"
"677","TRUE"
"678","TRUE"
"679","TRUE"
"680","TRUE"
"681","TRUE"
"682","TRUE"
"683","TRUE"
"684","TRUE"
"685","TRUE"
"686","TRUE"
"687","TRUE"
"688","TRUE"
"689","TRUE"
"690","TRUE"
"691","TRUE"
"692","TRUE"
"693","TRUE"
"694","TRUE"
"695","TRUE"
"696","FALSE"
"697","TRUE"
"698","TRUE"
"699","TRUE"
"700","TRUE"
"701","FALSE"
"702","TRUE"
"703","TRUE"
"704","TRUE"
"705","FALSE"
"706","TRUE"
"707","TRUE"
"708","TRUE"
"709","TRUE"
"710","FALSE"
"711","TRUE"
"712","TRUE"
"713","TRUE"
"714","TRUE"
"715","TRUE"
"716","FALSE"
"717","TRUE"
"718","FALSE"
"719","TRUE"
"720","FALSE"
"721","FALSE"
"722","TRUE"
"723","TRUE"
"724","TRUE"
"725","TRUE"
"726","TRUE"
"727","TRUE"
"728","TRUE"
"729","TRUE"
"730","TRUE"
"731","TRUE"
"732","TRUE"
"733","TRUE"
"734","FALSE"
"735","FALSE"
"736","TRUE"
"737","TRUE"
"738","FALSE"
"739","TRUE"
"740","FALSE"
"741","FALSE"
"742","FALSE"
"743","TRUE"
"744","FALSE"
"745","FALSE"
"746","FALSE"
"747","TRUE"
"748","TRUE"
"749","TRUE"
"750","TRUE"
"751","TRUE"
"752","TRUE"
"753","TRUE"
"754","TRUE"
"755","TRUE"
"756","TRUE"
"757","FALSE"
"758","TRUE"
"759","TRUE"
"760","TRUE"
"761","TRUE"
"762","TRUE"
"763","TRUE"
"764","TRUE"
"765","TRUE"
"766","TRUE"
"767","TRUE"
"768","TRUE"
"769","TRUE"
"770","TRUE"
"771","FALSE"
"772","TRUE"
"773","TRUE"
"774","TRUE"
"775","TRUE"
"776","TRUE"
"777","TRUE"
"778","TRUE"
"779","TRUE"
"780","TRUE"
"781","TRUE"
"782","TRUE"
"783","TRUE"
"784","TRUE"
"785","TRUE"
"786","FALSE"
"787","TRUE"
"788","TRUE"
"789","TRUE"
"790","FALSE"
"791","TRUE"
"792","TRUE"
"793","TRUE"
"794","TRUE"
"795","TRUE"
"796","TRUE"
"797","TRUE"
"798","FALSE"
"799","TRUE"
"800","TRUE"
"801","TRUE"
"802","TRUE"
"803","TRUE"
"804","TRUE"
"805","TRUE"
"806","TRUE"
"807","TRUE"
"808","TRUE"
"809","TRUE"
"810","TRUE"
"811","TRUE"
"812","TRUE"
"813","TRUE"
"814","TRUE"
"815","FALSE"
"816","TRUE"
"817","TRUE"
"818","TRUE"
"819","TRUE"
"820","FALSE"
"821","TRUE"
"822","FALSE"
"823","FALSE"
"824","TRUE"
"825","TRUE"
"826","TRUE"
"827","TRUE"
"828","TRUE"
"829","TRUE"
"830","FALSE"
"831","TRUE"
"832","TRUE"
"833","TRUE"
"834","TRUE"
"835","TRUE"
"836","FALSE"
"837","TRUE"
"838","TRUE"
"839","TRUE"
"840","TRUE"
"841","FALSE"
"842","FALSE"
"843","TRUE"
"844","TRUE"
"845","TRUE"
"846","TRUE"
"847","TRUE"
"848","TRUE"
"849","TRUE"
"850","TRUE"
"851","TRUE"
"852","TRUE"
"853","TRUE"
"854","TRUE"
"855","FALSE"
"856","TRUE"
"857","FALSE"
"858","TRUE"
"859","TRUE"
"860","FALSE"
"861","TRUE"
"862","FALSE"
"863","TRUE"
"864","TRUE"
"865","TRUE"
"866","TRUE"
"867","FALSE"
"868","TRUE"
"869","FALSE"
"870","TRUE"
"871","TRUE"
"872","TRUE"
"873","FALSE"
"874","TRUE"
"875","FALSE"
"876","TRUE"
"877","TRUE"
"878","TRUE"
"879","TRUE"
"880","TRUE"
"881","FALSE"
"882","TRUE"
"883","FALSE"
"884","TRUE"
"885","TRUE"
"886","TRUE"
"887","TRUE"
"888","TRUE"
"889","TRUE"
"890","TRUE"
"891","TRUE"
"892","TRUE"
"893","TRUE"
"894","FALSE"
"895","TRUE"
"896","TRUE"
"897","TRUE"
"898","TRUE"
"899","TRUE"
"900","TRUE"
"901","TRUE"
"902","TRUE"
"903","TRUE"
"904","TRUE"
"905","TRUE"
"906","FALSE"
"907","FALSE"
"908","TRUE"
"909","TRUE"
"910","TRUE"
"911","TRUE"
"912","TRUE"
"913","TRUE"
"914","TRUE"
"915","TRUE"
"916","TRUE"
"917","TRUE"
"918","TRUE"
"919","TRUE"
"920","TRUE"
"921","TRUE"
"922","TRUE"
"923","TRUE"
"924","FALSE"
"925","FALSE"
"926","TRUE"
"927","FALSE"
"928","TRUE"
"929","TRUE"
"930","TRUE"
"931","TRUE"
"932","FALSE"
"933","FALSE"
"934","TRUE"
"935","TRUE"
"936","TRUE"
"937","TRUE"
"938","TRUE"
"939","TRUE"
"940","TRUE"
"941","TRUE"
"942","TRUE"
"943","TRUE"
"944","TRUE"
"945","TRUE"
"946","FALSE"
"947","TRUE"
"948","TRUE"
"949","TRUE"
"950","TRUE"
"951","TRUE"
"952","TRUE"
"953","TRUE"
"954","TRUE"
"955","TRUE"
"956","TRUE"
"957","TRUE"
"958","TRUE"
"959","TRUE"
"960","TRUE"
"961","TRUE"
"962","TRUE"
"963","FALSE"
"964","TRUE"
"965","FALSE"
"966","FALSE"
"967","FALSE"
"968","TRUE"
"969","TRUE"
"970","FALSE"
"971","TRUE"
"972","FALSE"
"973","TRUE"
"974","TRUE"
"975","FALSE"
"976","TRUE"
"977","TRUE"
"978","TRUE"
"979","TRUE"
"980","TRUE"
"981","TRUE"
"982","TRUE"
"983","TRUE"
"984","TRUE"
"985","TRUE"
"986","TRUE"
"987","TRUE"
"988","FALSE"
"989","TRUE"
"990","TRUE"
"991","TRUE"
"992","FALSE"
"993","TRUE"
"994","TRUE"
"995","TRUE"
"996","FALSE"
"997","TRUE"
"998","FALSE"
"999","TRUE"
"1000","TRUE"
"1001","TRUE"
"1002","TRUE"
"1003","TRUE"
"1004","TRUE"
"1005","TRUE"
"1006","TRUE"
"1007","FALSE"
"1008","TRUE"
"1009","FALSE"
"1010","TRUE"
"1011","FALSE"
"1012","TRUE"
"1013","TRUE"
"1014","TRUE"
"1015","TRUE"
"1016","TRUE"
"1017","TRUE"
"1018","TRUE"
"1019","TRUE"
"1020","FALSE"
"1021","FALSE"
"1022","TRUE"
"1023","TRUE"
"1024","TRUE"
"1025","TRUE"
"1026","TRUE"
"1027","TRUE"
"1028","TRUE"
"1029","TRUE"
"1030","FALSE"
"1031","TRUE"
"1032","TRUE"
"1033","TRUE"
"1034","TRUE"
"1035","TRUE"
"1036","TRUE"
"1037","TRUE"
"1038","FALSE"
"1039","TRUE"
"1040","FALSE"
"1041","TRUE"
"1042","TRUE"
"1043","TRUE"
"1044","TRUE"
"1045","TRUE"
"1046","TRUE"
"1047","TRUE"
"1048","TRUE"
"1049","TRUE"
"1050","TRUE"
"1051","TRUE"
"1052","TRUE"
"1053","TRUE"
"1054","TRUE"
"1055","FALSE"
"1056","TRUE"
"1057","FALSE"
"1058","FALSE"
"1059","TRUE"
"1060","TRUE"
"1061","TRUE"
"1062","TRUE"
"1063","TRUE"
"1064","TRUE"
"1065","TRUE"
"1066","TRUE"
"1067","TRUE"
"1068","TRUE"
"1069","TRUE"
"1070","TRUE"
"1071","TRUE"
"1072","TRUE"
"1073","TRUE"
"1074","TRUE"
"1075","TRUE"
"1076","TRUE"
"1077","FALSE"
"1078","TRUE"
"1079","FALSE"
"1080","TRUE"
"1081","TRUE"
"1082","TRUE"
"1083","FALSE"
"1084","TRUE"
"1085","TRUE"
"1086","TRUE"
"1087","TRUE"
"1088","TRUE"
"1089","FALSE"
"1090","TRUE"
"1091","TRUE"
"1092","TRUE"
"1093","TRUE"
"1094","TRUE"
"1095","TRUE"
"1096","TRUE"
"1097","TRUE"
"1098","FALSE"
"1099","TRUE"
"1100","TRUE"
"1101","TRUE"
"1102","TRUE"
"1103","FALSE"
"1104","TRUE"
"1105","FALSE"
"1106","TRUE"
"1107","TRUE"
"1108","TRUE"
"1109","TRUE"
"1110","TRUE"
"1111","TRUE"
"1112","TRUE"
"1113","TRUE"
"1114","TRUE"
"1115","FALSE"
"1116","TRUE"
"1117","TRUE"
"1118","TRUE"
"1119","TRUE"
"1120","TRUE"
"1121","FALSE"
"1122","TRUE"
"1123","TRUE"
"1124","FALSE"
"1125","TRUE"
"1126","TRUE"
"1127","TRUE"
"1128","TRUE"
"1129","TRUE"
"1130","TRUE"
"1131","TRUE"
"1132","TRUE"
"1133","TRUE"
"1134","TRUE"
"1135","TRUE"
"1136","TRUE"
"1137","TRUE"
"1138","TRUE"
"1139","FALSE"
"1140","TRUE"
"1141","TRUE"
"1142","TRUE"
"1143","TRUE"
"1144","TRUE"
"1145","FALSE"
"1146","TRUE"
"1147","TRUE"
"1148","TRUE"
"1149","TRUE"
"1150","TRUE"
"1151","TRUE"
"1152","TRUE"
"1153","TRUE"
"1154","FALSE"
"1155","TRUE"
"1156","TRUE"
"1157","TRUE"
"1158","TRUE"
"1159","TRUE"
"1160","TRUE"
"1161","TRUE"
"1162","TRUE"
"1163","FALSE"
"1164","TRUE"
"1165","TRUE"
"1166","TRUE"
"1167","FALSE"
"1168","TRUE"
"1169","TRUE"
"1170","TRUE"
"1171","TRUE"
"1172","TRUE"
"1173","TRUE"
"1174","TRUE"
"1175","TRUE"
"1176","TRUE"
"1177","TRUE"
"1178","TRUE"
"1179","TRUE"
"1180","TRUE"
"1181","TRUE"
"1182","TRUE"
"1183","TRUE"
"1184","TRUE"
"1185","TRUE"
"1186","FALSE"
"1187","TRUE"
"1188","TRUE"
"1189","FALSE"
"1190","FALSE"
"1191","FALSE"
"1192","TRUE"
"1193","FALSE"
"1194","TRUE"
"1195","TRUE"
"1196","TRUE"
"1197","TRUE"
"1198","FALSE"
"1199","TRUE"
"1200","TRUE"
"1201","TRUE"
"1202","TRUE"
"1203","TRUE"
"1204","TRUE"
"1205","TRUE"
"1206","TRUE"
"1207","TRUE"
"1208","TRUE"
"1209","TRUE"
"1210","TRUE"
"1211","FALSE"
"1212","TRUE"
"1213","TRUE"
"1214","TRUE"
"1215","TRUE"
"1216","FALSE"
"1217","FALSE"
"1218","TRUE"
"1219","TRUE"
"1220","TRUE"
"1221","TRUE"
"1222","FALSE"
"1223","TRUE"
"1224","TRUE"
"1225","TRUE"
"1226","TRUE"
"1227","TRUE"
"1228","TRUE"
"1229","TRUE"
"1230","TRUE"
"1231","TRUE"
"1232","TRUE"
"1233","TRUE"
"1234","TRUE"
"1235","TRUE"
"1236","TRUE"
"1237","TRUE"
"1238","TRUE"
"1239","TRUE"
"1240","TRUE"
"1241","TRUE"
"1242","TRUE"
"1243","FALSE"
"1244","TRUE"
"1245","TRUE"
"1246","TRUE"
"1247","FALSE"
"1248","FALSE"
"1249","TRUE"
"1250","TRUE"
"1251","TRUE"
"1252","TRUE"
"1253","TRUE"
"1254","TRUE"
"1255","TRUE"
"1256","TRUE"
"1257","TRUE"
"1258","TRUE"
"1259","FALSE"
"1260","TRUE"
"1261","TRUE"
"1262","FALSE"
"1263","TRUE"
"1264","TRUE"
"1265","FALSE"
"1266","TRUE"
"1267","TRUE"
"1268","TRUE"
"1269","TRUE"
"1270","FALSE"
"1271","TRUE"
"1272","TRUE"
"1273","TRUE"
"1274","TRUE"
"1275","TRUE"
"1276","TRUE"
"1277","TRUE"
"1278","FALSE"
"1279","TRUE"
"1280","TRUE"
"1281","TRUE"
"1282","TRUE"
"1283","TRUE"
"1284","TRUE"
"1285","TRUE"
"1286","FALSE"
"1287","TRUE"
"1288","TRUE"
"1289","TRUE"
"1290","TRUE"
"1291","TRUE"
"1292","TRUE"
"1293","TRUE"
"1294","FALSE"
"1295","TRUE"
"1296","TRUE"
"1297","TRUE"
"1298","TRUE"
"1299","TRUE"
"1300","TRUE"
"1301","TRUE"
"1302","TRUE"
"1303","TRUE"
"1304","TRUE"
"1305","TRUE"
"1306","TRUE"
"1307","TRUE"
"1308","FALSE"
"1309","TRUE"
"1310","TRUE"
"1311","TRUE"
"1312","TRUE"
"1313","TRUE"
"1314","TRUE"
"1315","TRUE"
"1316","TRUE"
"1317","TRUE"
"1318","FALSE"
"1319","FALSE"
"1320","TRUE"
"1321","TRUE"
"1322","FALSE"
"1323","TRUE"
"1324","TRUE"
"1325","TRUE"
"1326","TRUE"
"1327","TRUE"
"1328","TRUE"
"1329","FALSE"
"1330","TRUE"
"1331","TRUE"
"1332","TRUE"
"1333","TRUE"
"1334","TRUE"
"1335","FALSE"
"1336","TRUE"
"1337","TRUE"
"1338","TRUE"
"1339","TRUE"
"1340","FALSE"
"1341","FALSE"
"1342","FALSE"
"1343","TRUE"
"1344","TRUE"
"1345","FALSE"
"1346","FALSE"
"1347","TRUE"
"1348","FALSE"
"1349","FALSE"
"1350","FALSE"
"1351","TRUE"
"1352","TRUE"
"1353","TRUE"
"1354","TRUE"
"1355","FALSE"
"1356","FALSE"
"1357","TRUE"
"1358","TRUE"
"1359","TRUE"
"1360","FALSE"
"1361","TRUE"
"1362","FALSE"
"1363","TRUE"
"1364","TRUE"
"1365","TRUE"
"1366","TRUE"
"1367","TRUE"
"1368","TRUE"
"1369","TRUE"
"1370","FALSE"
"1371","TRUE"
"1372","TRUE"
"1373","TRUE"
"1374","TRUE"
"1375","TRUE"
"1376","TRUE"
"1377","TRUE"
"1378","FALSE"
"1379","TRUE"
"1380","TRUE"
"1381","FALSE"
"1382","TRUE"
"1383","TRUE"
"1384","TRUE"
"1385","TRUE"
"1386","FALSE"
"1387","FALSE"
"1388","FALSE"
"1389","FALSE"
"1390","FALSE"
"1391","FALSE"
"1392","FALSE"
"1393","FALSE"
"1394","FALSE"
"1395","FALSE"
"1396","FALSE"
"1397","FALSE"
"1398","FALSE"
"1399","FALSE"
"1400","FALSE"
"1401","FALSE"
"1402","FALSE"
"1403","FALSE"
"1404","FALSE"
"1405","FALSE"
"1406","FALSE"
"1407","FALSE"
"1408","FALSE"
"1409","FALSE"
"1410","FALSE"
"1411","FALSE"
"1412","FALSE"
"1413","FALSE"
"1414","FALSE"
"1415","TRUE"
"1416","FALSE"
"1417","FALSE"
"1418","FALSE"
"1419","FALSE"
"1420","FALSE"
"1421","FALSE"
"1422","FALSE"
"1423","FALSE"
"1424","FALSE"
"1425","FALSE"
"1426","FALSE"
"1427","FALSE"
"1428","FALSE"
"1429","FALSE"
"1430","FALSE"
"1431","FALSE"
"1432","FALSE"
"1433","FALSE"
"1434","FALSE"
"1435","TRUE"
"1436","FALSE"
"1437","FALSE"
"1438","FALSE"
"1439","FALSE"
"1440","FALSE"
"1441","FALSE"
"1442","FALSE"
"1443","FALSE"
"1444","FALSE"
"1445","FALSE"
"1446","FALSE"
"1447","FALSE"
"1448","FALSE"
"1449","FALSE"
"1450","FALSE"
"1451","FALSE"
"1452","FALSE"
"1453","FALSE"
"1454","FALSE"
"1455","FALSE"
"1456","FALSE"
"1457","FALSE"
"1458","FALSE"
"1459","FALSE"
"1460","FALSE"
"1461","FALSE"
"1462","FALSE"
"1463","FALSE"
"1464","TRUE"
"1465","FALSE"
"1466","FALSE"
"1467","FALSE"
"1468","FALSE"
"1469","FALSE"
"1470","FALSE"
"1471","FALSE"
"1472","FALSE"
"1473","FALSE"
"1474","FALSE"
"1475","FALSE"
"1476","FALSE"
"1477","FALSE"
"1478","FALSE"
"1479","FALSE"
"1480","FALSE"
"1481","FALSE"
"1482","FALSE"
"1483","FALSE"
"1484","FALSE"
"1485","FALSE"
"1486","TRUE"
"1487","FALSE"
"1488","FALSE"
"1489","FALSE"
"1490","FALSE"
"1491","FALSE"
"1492","FALSE"
"1493","FALSE"
"1494","FALSE"
"1495","FALSE"
"1496","FALSE"
"1497","FALSE"
"1498","FALSE"
"1499","FALSE"
"1500","FALSE"
"1501","TRUE"
"1502","FALSE"
"1503","FALSE"
"1504","FALSE"
"1505","FALSE"
"1506","TRUE"
"1507","FALSE"
"1508","FALSE"
"1509","FALSE"
"1510","FALSE"
"1511","FALSE"
"1512","FALSE"
"1513","FALSE"
"1514","FALSE"
"1515","FALSE"
"1516","FALSE"
"1517","FALSE"
"1518","FALSE"
"1519","FALSE"
"1520","FALSE"
"1521","FALSE"
"1522","FALSE"
"1523","FALSE"
"1524","FALSE"
"1525","TRUE"
"1526","FALSE"
"1527","FALSE"
"1528","FALSE"
"1529","FALSE"
"1530","FALSE"
"1531","FALSE"
"1532","FALSE"
"1533","FALSE"
"1534","TRUE"
"1535","FALSE"
"1536","FALSE"
"1537","FALSE"
"1538","FALSE"
"1539","FALSE"
"1540","FALSE"
"1541","FALSE"
"1542","FALSE"
"1543","FALSE"
"1544","FALSE"
"1545","FALSE"
"1546","FALSE"
"1547","FALSE"
"1548","FALSE"
"1549","FALSE"
"1550","FALSE"
"1551","FALSE"
"1552","FALSE"
"1553","FALSE"
"1554","FALSE"
"1555","FALSE"
"1556","FALSE"
"1557","FALSE"
"1558","FALSE"
"1559","FALSE"
"1560","FALSE"
"1561","TRUE"
"1562","FALSE"
"1563","FALSE"
"1564","FALSE"
"1565","FALSE"
"1566","FALSE"
"1567","FALSE"
"1568","FALSE"
"1569","FALSE"
"1570","FALSE"
"1571","FALSE"
"1572","FALSE"
"1573","FALSE"
"1574","FALSE"
"1575","FALSE"
"1576","FALSE"
"1577","FALSE"
"1578","FALSE"
"1579","FALSE"
"1580","FALSE"
"1581","FALSE"
"1582","FALSE"
"1583","FALSE"
"1584","FALSE"
"1585","FALSE"
"1586","FALSE"
"1587","FALSE"
"1588","TRUE"
"1589","FALSE"
"1590","FALSE"
"1591","FALSE"
"1592","FALSE"
"1593","FALSE"
"1594","TRUE"
"1595","FALSE"
"1596","FALSE"
"1597","FALSE"
"1598","FALSE"
"1599","FALSE"
"1600","FALSE"
"1601","FALSE"
"1602","FALSE"
"1603","FALSE"
"1604","TRUE"
"1605","TRUE"
"1606","TRUE"
"1607","FALSE"
"1608","FALSE"
"1609","FALSE"
"1610","FALSE"
"1611","FALSE"
"1612","FALSE"
"1613","FALSE"
"1614","FALSE"
"1615","FALSE"
"1616","FALSE"
"1617","FALSE"
"1618","FALSE"
"1619","FALSE"
"1620","FALSE"
"1621","TRUE"
"1622","FALSE"
"1623","FALSE"
"1624","FALSE"
"1625","FALSE"
"1626","FALSE"
"1627","TRUE"
"1628","FALSE"
"1629","FALSE"
"1630","FALSE"
"1631","FALSE"
"1632","FALSE"
"1633","TRUE"
"1634","FALSE"
"1635","FALSE"
"1636","FALSE"
"1637","FALSE"
"1638","FALSE"
"1639","FALSE"
"1640","TRUE"
"1641","FALSE"
"1642","FALSE"
"1643","FALSE"
"1644","FALSE"
"1645","FALSE"
"1646","FALSE"
"1647","FALSE"
"1648","FALSE"
"1649","FALSE"
"1650","FALSE"
"1651","TRUE"
"1652","FALSE"
"1653","FALSE"
"1654","FALSE"
"1655","FALSE"
"1656","FALSE"
"1657","TRUE"
"1658","FALSE"
"1659","FALSE"
"1660","FALSE"
"1661","FALSE"
"1662","FALSE"
"1663","TRUE"
"1664","FALSE"
"1665","FALSE"
"1666","FALSE"
"1667","FALSE"
"1668","FALSE"
"1669","FALSE"
"1670","FALSE"
"1671","FALSE"
"1672","TRUE"
"1673","FALSE"
"1674","FALSE"
"1675","FALSE"
"1676","TRUE"
"1677","FALSE"
"1678","FALSE"
"1679","FALSE"
"1680","FALSE"
"1681","FALSE"
"1682","FALSE"
"1683","FALSE"
"1684","FALSE"
"1685","FALSE"
"1686","FALSE"
"1687","FALSE"
"1688","TRUE"
"1689","FALSE"
"1690","FALSE"
"1691","FALSE"
"1692","FALSE"
"1693","FALSE"
"1694","FALSE"
"1695","FALSE"
"1696","FALSE"
"1697","FALSE"
"1698","FALSE"
"1699","FALSE"
"1700","FALSE"
"1701","TRUE"
"1702","FALSE"
"1703","FALSE"
"1704","FALSE"
"1705","FALSE"
"1706","FALSE"
"1707","FALSE"
"1708","FALSE"
"1709","TRUE"
"1710","FALSE"
"1711","FALSE"
"1712","FALSE"
"1713","FALSE"
"1714","FALSE"
"1715","FALSE"
"1716","FALSE"
"1717","FALSE"
"1718","FALSE"
"1719","FALSE"
"1720","FALSE"
"1721","FALSE"
"1722","FALSE"
"1723","FALSE"
"1724","FALSE"
"1725","FALSE"
"1726","FALSE"
"1727","FALSE"
"1728","FALSE"
"1729","FALSE"
"1730","FALSE"
"1731","FALSE"
"1732","FALSE"
"1733","TRUE"
"1734","FALSE"
"1735","FALSE"
"1736","FALSE"
"1737","FALSE"
"1738","FALSE"
"1739","FALSE"
"1740","FALSE"
"1741","FALSE"
"1742","FALSE"
"1743","FALSE"
"1744","FALSE"
"1745","FALSE"
"1746","FALSE"
"1747","TRUE"
"1748","FALSE"
"1749","FALSE"
"1750","FALSE"
"1751","TRUE"
"1752","FALSE"
"1753","TRUE"
"1754","TRUE"
"1755","FALSE"
"1756","FALSE"
"1757","FALSE"
"1758","FALSE"
"1759","FALSE"
"1760","FALSE"
"1761","FALSE"
"1762","FALSE"
"1763","FALSE"
"1764","FALSE"
"1765","FALSE"
"1766","FALSE"
"1767","FALSE"
"1768","FALSE"
"1769","FALSE"
"1770","FALSE"
"1771","FALSE"
"1772","FALSE"
"1773","FALSE"
"1774","FALSE"
"1775","TRUE"
"1776","FALSE"
"1777","FALSE"
"1778","TRUE"
"1779","FALSE"
"1780","FALSE"
"1781","FALSE"
"1782","TRUE"
"1783","FALSE"
"1784","FALSE"
"1785","FALSE"
"1786","FALSE"
"1787","FALSE"
"1788","FALSE"
"1789","FALSE"
"1790","FALSE"
"1791","FALSE"
"1792","FALSE"
"1793","FALSE"
"1794","FALSE"
"1795","FALSE"
"1796","FALSE"
"1797","FALSE"
"1798","FALSE"
"1799","FALSE"
"1800","FALSE"
"1801","TRUE"
"1802","FALSE"
"1803","FALSE"
"1804","FALSE"
"1805","FALSE"
"1806","FALSE"
"1807","FALSE"
"1808","FALSE"
"1809","FALSE"
"1810","FALSE"
"1811","FALSE"
"1812","FALSE"
"1813","FALSE"
"1814","FALSE"
"1815","TRUE"
"1816","FALSE"
"1817","FALSE"
"1818","FALSE"
"1819","FALSE"
"1820","FALSE"
"1821","FALSE"
"1822","FALSE"
"1823","FALSE"
"1824","FALSE"
"1825","FALSE"
"1826","FALSE"
"1827","FALSE"
"1828","FALSE"
"1829","FALSE"
"1830","FALSE"
"1831","FALSE"
"1832","FALSE"
"1833","FALSE"
"1834","FALSE"
"1835","FALSE"
"1836","FALSE"
"1837","FALSE"
"1838","TRUE"
"1839","FALSE"
"1840","FALSE"
"1841","FALSE"
"1842","FALSE"
"1843","TRUE"
"1844","FALSE"
"1845","FALSE"
"1846","FALSE"
"1847","FALSE"
"1848","FALSE"
"1849","FALSE"
"1850","FALSE"
"1851","TRUE"
"1852","FALSE"
"1853","FALSE"
"1854","FALSE"
"1855","FALSE"
"1856","FALSE"
"1857","FALSE"
"1858","FALSE"
"1859","FALSE"
"1860","FALSE"
"1861","FALSE"
"1862","FALSE"
"1863","TRUE"
"1864","FALSE"
"1865","FALSE"
"1866","FALSE"
"1867","FALSE"
"1868","TRUE"
"1869","FALSE"
"1870","FALSE"
"1871","FALSE"
"1872","FALSE"
"1873","FALSE"
"1874","FALSE"
"1875","FALSE"
"1876","FALSE"
"1877","FALSE"
"1878","FALSE"
"1879","TRUE"
"1880","FALSE"
"1881","TRUE"
"1882","FALSE"
"1883","FALSE"
"1884","FALSE"
"1885","TRUE"
"1886","FALSE"
"1887","FALSE"
"1888","FALSE"
"1889","FALSE"
"1890","FALSE"
"1891","FALSE"
"1892","FALSE"
"1893","TRUE"
"1894","FALSE"
"1895","FALSE"
"1896","FALSE"
"1897","FALSE"
"1898","FALSE"
"1899","FALSE"
"1900","FALSE"
"1901","FALSE"
"1902","FALSE"
"1903","FALSE"
"1904","FALSE"
"1905","FALSE"
"1906","FALSE"
"1907","FALSE"
"1908","TRUE"
"1909","FALSE"
"1910","FALSE"
"1911","FALSE"
"1912","FALSE"
"1913","FALSE"
"1914","FALSE"
"1915","FALSE"
"1916","TRUE"
"1917","FALSE"
"1918","FALSE"
"1919","TRUE"
"1920","FALSE"
"1921","FALSE"
"1922","FALSE"
"1923","FALSE"
"1924","FALSE"
"1925","FALSE"
"1926","FALSE"
"1927","FALSE"
"1928","FALSE"
"1929","FALSE"
"1930","FALSE"
"1931","FALSE"
"1932","FALSE"
"1933","FALSE"
"1934","FALSE"
"1935","FALSE"
"1936","FALSE"
"1937","FALSE"
"1938","FALSE"
"1939","FALSE"
"1940","FALSE"
"1941","FALSE"
"1942","FALSE"
"1943","FALSE"
"1944","FALSE"
"1945","FALSE"
"1946","FALSE"
"1947","FALSE"
"1948","FALSE"
"1949","FALSE"
"1950","FALSE"
"1951","FALSE"
"1952","FALSE"
"1953","FALSE"
"1954","TRUE"
"1955","FALSE"
"1956","FALSE"
"1957","FALSE"
"1958","FALSE"
"1959","FALSE"
"1960","FALSE"
"1961","TRUE"
"1962","FALSE"
"1963","FALSE"
"1964","FALSE"
"1965","FALSE"
"1966","FALSE"
"1967","FALSE"
"1968","FALSE"
"1969","FALSE"
"1970","TRUE"
"1971","FALSE"
"1972","FALSE"
"1973","FALSE"
"1974","FALSE"
"1975","FALSE"
"1976","FALSE"
"1977","FALSE"
"1978","FALSE"
"1979","FALSE"
"1980","FALSE"
"1981","FALSE"
"1982","FALSE"
"1983","FALSE"
"1984","FALSE"
"1985","FALSE"
"1986","FALSE"
"1987","FALSE"
"1988","FALSE"
"1989","FALSE"
"1990","FALSE"
"1991","FALSE"
"1992","FALSE"
"1993","FALSE"
"1994","FALSE"
"1995","FALSE"
"1996","FALSE"
"1997","FALSE"
"1998","FALSE"
"1999","FALSE"
"2000","FALSE"
"2001","FALSE"
"2002","FALSE"
"2003","FALSE"
"2004","FALSE"
"2005","FALSE"
"2006","FALSE"
"2007","FALSE"
"2008","FALSE"
"2009","FALSE"
"2010","FALSE"
"2011","FALSE"
"2012","TRUE"
"2013","FALSE"
"2014","FALSE"
"2015","FALSE"
"2016","FALSE"
"2017","FALSE"
"2018","FALSE"
"2019","FALSE"
"2020","FALSE"
"2021","FALSE"
"2022","FALSE"
"2023","FALSE"
"2024","FALSE"
"2025","FALSE"
"2026","FALSE"
"2027","FALSE"
"2028","FALSE"
"2029","FALSE"
"2030","FALSE"
"2031","FALSE"
"2032","FALSE"
"2033","FALSE"
"2034","FALSE"
"2035","FALSE"
"2036","FALSE"
"2037","FALSE"
"2038","FALSE"
"2039","FALSE"
"2040","FALSE"
"2041","FALSE"
"2042","FALSE"
"2043","FALSE"
"2044","FALSE"
"2045","FALSE"
"2046","FALSE"
"2047","FALSE"
"2048","FALSE"
"2049","FALSE"
"2050","FALSE"
"2051","FALSE"
"2052","FALSE"
"2053","FALSE"
"2054","FALSE"
"2055","FALSE"
"2056","FALSE"
"2057","FALSE"
"2058","FALSE"
"2059","FALSE"
"2060","FALSE"
"2061","FALSE"
"2062","FALSE"
"2063","FALSE"
"2064","FALSE"
"2065","FALSE"
"2066","TRUE"
"2067","FALSE"
"2068","FALSE"
"2069","FALSE"
"2070","FALSE"
"2071","FALSE"
"2072","FALSE"
"2073","FALSE"
"2074","FALSE"
"2075","FALSE"
"2076","FALSE"
"2077","FALSE"
"2078","FALSE"
"2079","FALSE"
"2080","FALSE"
"2081","FALSE"
"2082","FALSE"
"2083","FALSE"
"2084","FALSE"
"2085","FALSE"
"2086","FALSE"
"2087","FALSE"
"2088","FALSE"
"2089","FALSE"
"2090","FALSE"
"2091","FALSE"
"2092","FALSE"
"2093","FALSE"
"2094","FALSE"
"2095","FALSE"
"2096","FALSE"
"2097","FALSE"
"2098","TRUE"
"2099","FALSE"
"2100","FALSE"
"2101","FALSE"
"2102","TRUE"
"2103","FALSE"
"2104","FALSE"
"2105","FALSE"
"2106","FALSE"
"2107","FALSE"
"2108","FALSE"
"2109","FALSE"
"2110","FALSE"
"2111","TRUE"
"2112","FALSE"
"2113","FALSE"
"2114","FALSE"
"2115","FALSE"
"2116","FALSE"
"2117","FALSE"
"2118","FALSE"
"2119","FALSE"
"2120","FALSE"
"2121","FALSE"
"2122","FALSE"
"2123","FALSE"
"2124","FALSE"
"2125","FALSE"
"2126","FALSE"
"2127","FALSE"
"2128","FALSE"
"2129","FALSE"
"2130","FALSE"
"2131","FALSE"
"2132","FALSE"
"2133","FALSE"
"2134","FALSE"
"2135","FALSE"
"2136","FALSE"
"2137","FALSE"
"2138","FALSE"
"2139","FALSE"
"2140","FALSE"
"2141","FALSE"
"2142","FALSE"
"2143","TRUE"
"2144","FALSE"
"2145","FALSE"
"2146","FALSE"
"2147","FALSE"
"2148","FALSE"
"2149","TRUE"
"2150","FALSE"
"2151","FALSE"
"2152","FALSE"
"2153","FALSE"
"2154","FALSE"
"2155","FALSE"
"2156","FALSE"
"2157","FALSE"
"2158","FALSE"
"2159","FALSE"
"2160","FALSE"
"2161","FALSE"
"2162","FALSE"
"2163","FALSE"
"2164","FALSE"
"2165","FALSE"
"2166","FALSE"
"2167","FALSE"
"2168","FALSE"
"2169","FALSE"
"2170","FALSE"
"2171","FALSE"
"2172","FALSE"
"2173","FALSE"
"2174","FALSE"
"2175","FALSE"
"2176","FALSE"
"2177","FALSE"
"2178","FALSE"
"2179","FALSE"
"2180","FALSE"
"2181","FALSE"
"2182","FALSE"
"2183","FALSE"
"2184","FALSE"
"2185","FALSE"
"2186","FALSE"
"2187","FALSE"
"2188","TRUE"
"2189","FALSE"
"2190","FALSE"
"2191","FALSE"
"2192","FALSE"
"2193","FALSE"
"2194","FALSE"
"2195","FALSE"
"2196","FALSE"
"2197","FALSE"
"2198","FALSE"
"2199","FALSE"
"2200","FALSE"
"2201","TRUE"
"2202","FALSE"
"2203","FALSE"
"2204","FALSE"
"2205","FALSE"
"2206","FALSE"
"2207","FALSE"
"2208","FALSE"
"2209","FALSE"
"2210","FALSE"
"2211","FALSE"
"2212","FALSE"
"2213","FALSE"
"2214","TRUE"
"2215","FALSE"
"2216","FALSE"
"2217","FALSE"
"2218","FALSE"
"2219","FALSE"
"2220","FALSE"
"2221","FALSE"
"2222","FALSE"
"2223","FALSE"
"2224","FALSE"
"2225","FALSE"
"2226","FALSE"
"2227","FALSE"
"2228","TRUE"
"2229","FALSE"
"2230","FALSE"
"2231","FALSE"
"2232","FALSE"
"2233","TRUE"
"2234","FALSE"
"2235","TRUE"
"2236","FALSE"
"2237","FALSE"
"2238","TRUE"
"2239","FALSE"
"2240","FALSE"
"2241","FALSE"
"2242","FALSE"
"2243","FALSE"
"2244","FALSE"
"2245","FALSE"
"2246","FALSE"
"2247","FALSE"
"2248","FALSE"
"2249","FALSE"
"2250","FALSE"
"2251","FALSE"
"2252","FALSE"
"2253","TRUE"
"2254","FALSE"
"2255","FALSE"
"2256","FALSE"
"2257","FALSE"
"2258","FALSE"
"2259","FALSE"
"2260","FALSE"
"2261","FALSE"
"2262","FALSE"
"2263","FALSE"
"2264","FALSE"
"2265","FALSE"
"2266","FALSE"
"2267","FALSE"
"2268","FALSE"
"2269","FALSE"
"2270","FALSE"
"2271","FALSE"
"2272","FALSE"
"2273","FALSE"
"2274","FALSE"
"2275","FALSE"
"2276","FALSE"
"2277","FALSE"
"2278","FALSE"
"2279","FALSE"
"2280","TRUE"
"2281","FALSE"
"2282","FALSE"
"2283","FALSE"
"2284","FALSE"
"2285","FALSE"
"2286","FALSE"
"2287","FALSE"
"2288","FALSE"
"2289","FALSE"
"2290","FALSE"
"2291","FALSE"
"2292","FALSE"
"2293","FALSE"
"2294","FALSE"
"2295","FALSE"
"2296","FALSE"
"2297","FALSE"
"2298","FALSE"
"2299","FALSE"
"2300","FALSE"
"2301","FALSE"
"2302","FALSE"
"2303","FALSE"
"2304","FALSE"
"2305","FALSE"
"2306","FALSE"
"2307","FALSE"
"2308","TRUE"
"2309","FALSE"
"2310","FALSE"
"2311","FALSE"
"2312","FALSE"
"2313","FALSE"
"2314","FALSE"
"2315","FALSE"
"2316","FALSE"
"2317","FALSE"
"2318","FALSE"
"2319","FALSE"
"2320","FALSE"
"2321","FALSE"
"2322","FALSE"
"2323","FALSE"
"2324","FALSE"
"2325","FALSE"
"2326","FALSE"
"2327","FALSE"
"2328","FALSE"
"2329","FALSE"
"2330","FALSE"
"2331","FALSE"
"2332","FALSE"
"2333","FALSE"
"2334","FALSE"
"2335","FALSE"
"2336","FALSE"
"2337","FALSE"
"2338","FALSE"
"2339","FALSE"
"2340","FALSE"
"2341","FALSE"
"2342","FALSE"
"2343","FALSE"
"2344","FALSE"
"2345","FALSE"
"2346","FALSE"
"2347","FALSE"
"2348","FALSE"
"2349","FALSE"
"2350","FALSE"
"2351","FALSE"
"2352","FALSE"
"2353","FALSE"
"2354","FALSE"
"2355","FALSE"
"2356","FALSE"
"2357","FALSE"
"2358","FALSE"
"2359","TRUE"
"2360","FALSE"
"2361","TRUE"
"2362","FALSE"
"2363","FALSE"
"2364","FALSE"
"2365","FALSE"
"2366","FALSE"
"2367","FALSE"
"2368","TRUE"
"2369","FALSE"
"2370","FALSE"
"2371","FALSE"
"2372","FALSE"
"2373","FALSE"
"2374","FALSE"
"2375","FALSE"
"2376","FALSE"
"2377","FALSE"
"2378","FALSE"
"2379","FALSE"
"2380","FALSE"
"2381","FALSE"
"2382","TRUE"
"2383","FALSE"
"2384","FALSE"
"2385","TRUE"
"2386","FALSE"
"2387","TRUE"
"2388","TRUE"
"2389","FALSE"
"2390","FALSE"
"2391","FALSE"
"2392","FALSE"
"2393","FALSE"
"2394","FALSE"
"2395","FALSE"
"2396","FALSE"
"2397","FALSE"
"2398","FALSE"
"2399","FALSE"
"2400","TRUE"
"2401","TRUE"
"2402","FALSE"
"2403","FALSE"
"2404","FALSE"
"2405","FALSE"
"2406","FALSE"
"2407","FALSE"
"2408","FALSE"
"2409","FALSE"
"2410","TRUE"
"2411","TRUE"
"2412","FALSE"
"2413","FALSE"
"2414","FALSE"
"2415","FALSE"
"2416","FALSE"
"2417","FALSE"
"2418","FALSE"
"2419","FALSE"
"2420","FALSE"
"2421","FALSE"
"2422","FALSE"
"2423","FALSE"
"2424","FALSE"
"2425","FALSE"
"2426","FALSE"
"2427","FALSE"
"2428","FALSE"
"2429","FALSE"
"2430","FALSE"
"2431","FALSE"
"2432","FALSE"
"2433","FALSE"
"2434","FALSE"
"2435","FALSE"
"2436","FALSE"
"2437","FALSE"
"2438","FALSE"
"2439","FALSE"
"2440","FALSE"
"2441","FALSE"
"2442","FALSE"
"2443","FALSE"
"2444","FALSE"
"2445","FALSE"
"2446","FALSE"
"2447","FALSE"
"2448","FALSE"
"2449","FALSE"
"2450","FALSE"
"2451","FALSE"
"2452","FALSE"
"2453","FALSE"
"2454","FALSE"
"2455","FALSE"
"2456","FALSE"
"2457","FALSE"
"2458","FALSE"
"2459","FALSE"
"2460","FALSE"
"2461","FALSE"
"2462","FALSE"
"2463","FALSE"
"2464","FALSE"
"2465","FALSE"
"2466","FALSE"
"2467","FALSE"
"2468","FALSE"
"2469","FALSE"
"2470","FALSE"
"2471","FALSE"
"2472","FALSE"
"2473","TRUE"
"2474","FALSE"
"2475","FALSE"
"2476","FALSE"
"2477","FALSE"
"2478","FALSE"
"2479","FALSE"
"2480","FALSE"
"2481","FALSE"
"2482","FALSE"
"2483","FALSE"
"2484","FALSE"
"2485","FALSE"
"2486","FALSE"
"2487","FALSE"
"2488","FALSE"
"2489","FALSE"
"2490","FALSE"
"2491","FALSE"
"2492","FALSE"
"2493","FALSE"
"2494","FALSE"
"2495","FALSE"
"2496","FALSE"
"2497","FALSE"
"2498","FALSE"
"2499","FALSE"
"2500","FALSE"
"2501","FALSE"
"2502","FALSE"
"2503","FALSE"
"2504","FALSE"
"2505","FALSE"
"2506","FALSE"
"2507","FALSE"
"2508","FALSE"
"2509","FALSE"
"2510","FALSE"
"2511","FALSE"
"2512","FALSE"
"2513","FALSE"
"2514","FALSE"
"2515","FALSE"
"2516","FALSE"
"2517","FALSE"
"2518","FALSE"
"2519","FALSE"
"2520","FALSE"
"2521","FALSE"
"2522","TRUE"
"2523","FALSE"
"2524","FALSE"
"2525","FALSE"
"2526","FALSE"
"2527","TRUE"
"2528","FALSE"
"2529","FALSE"
"2530","FALSE"
"2531","FALSE"
"2532","FALSE"
"2533","FALSE"
"2534","FALSE"
"2535","FALSE"
"2536","FALSE"
"2537","FALSE"
"2538","FALSE"
"2539","FALSE"
"2540","TRUE"
"2541","FALSE"
"2542","FALSE"
"2543","FALSE"
"2544","FALSE"
"2545","FALSE"
"2546","TRUE"
"2547","FALSE"
"2548","FALSE"
"2549","FALSE"
"2550","FALSE"
"2551","FALSE"
"2552","FALSE"
"2553","FALSE"
"2554","FALSE"
"2555","FALSE"
"2556","FALSE"
"2557","FALSE"
"2558","FALSE"
"2559","FALSE"
"2560","FALSE"
"2561","FALSE"
"2562","FALSE"
"2563","FALSE"
"2564","FALSE"
"2565","FALSE"
"2566","FALSE"
"2567","FALSE"
"2568","FALSE"
"2569","FALSE"
"2570","FALSE"
"2571","TRUE"
"2572","FALSE"
"2573","FALSE"
"2574","FALSE"
"2575","FALSE"
"2576","FALSE"
"2577","FALSE"
"2578","FALSE"
"2579","FALSE"
"2580","FALSE"
"2581","FALSE"
"2582","FALSE"
"2583","FALSE"
"2584","FALSE"
"2585","FALSE"
"2586","FALSE"
"2587","FALSE"
"2588","FALSE"
"2589","FALSE"
"2590","FALSE"
"2591","FALSE"
"2592","FALSE"
"2593","FALSE"
"2594","FALSE"
"2595","FALSE"
"2596","FALSE"
"2597","FALSE"
"2598","FALSE"
"2599","FALSE"
"2600","FALSE"
"2601","FALSE"
"2602","FALSE"
"2603","FALSE"
"2604","FALSE"
"2605","FALSE"
"2606","FALSE"
"2607","FALSE"
"2608","FALSE"
"2609","FALSE"
"2610","FALSE"
"2611","FALSE"
"2612","FALSE"
"2613","FALSE"
"2614","FALSE"
"2615","FALSE"
"2616","FALSE"
"2617","FALSE"
"2618","FALSE"
"2619","FALSE"
"2620","FALSE"
"2621","FALSE"
"2622","FALSE"
"2623","FALSE"
"2624","FALSE"
"2625","FALSE"
"2626","FALSE"
"2627","FALSE"
"2628","FALSE"
"2629","FALSE"
"2630","FALSE"
"2631","FALSE"
"2632","FALSE"
"2633","FALSE"
"2634","FALSE"
"2635","FALSE"
"2636","FALSE"
"2637","TRUE"
"2638","FALSE"
"2639","FALSE"
"2640","FALSE"
"2641","FALSE"
"2642","FALSE"
"2643","FALSE"
"2644","FALSE"
"2645","FALSE"
"2646","TRUE"
"2647","FALSE"
"2648","FALSE"
"2649","FALSE"
"2650","FALSE"
"2651","FALSE"
"2652","FALSE"
"2653","FALSE"
"2654","FALSE"
"2655","FALSE"
"2656","FALSE"
"2657","FALSE"
"2658","FALSE"
"2659","FALSE"
"2660","FALSE"
"2661","FALSE"
"2662","FALSE"
"2663","FALSE"
"2664","FALSE"
"2665","FALSE"
"2666","FALSE"
"2667","FALSE"
"2668","FALSE"
"2669","FALSE"
"2670","FALSE"
"2671","FALSE"
"2672","FALSE"
"2673","FALSE"
"2674","FALSE"
"2675","FALSE"
"2676","FALSE"
"2677","FALSE"
"2678","FALSE"
"2679","TRUE"
"2680","FALSE"
"2681","FALSE"
"2682","FALSE"
"2683","FALSE"
"2684","FALSE"
"2685","TRUE"
"2686","TRUE"
"2687","FALSE"
"2688","FALSE"
"2689","FALSE"
"2690","TRUE"
"2691","FALSE"
"2692","TRUE"
"2693","FALSE"
"2694","FALSE"
"2695","FALSE"
"2696","FALSE"
"2697","FALSE"
"2698","FALSE"
"2699","FALSE"
"2700","FALSE"
"2701","FALSE"
"2702","FALSE"
"2703","FALSE"
"2704","TRUE"
"2705","FALSE"
"2706","FALSE"
"2707","FALSE"
"2708","FALSE"
"2709","FALSE"
"2710","TRUE"
"2711","FALSE"
"2712","FALSE"
"2713","FALSE"
"2714","FALSE"
"2715","FALSE"
"2716","FALSE"
"2717","FALSE"
"2718","TRUE"
"2719","FALSE"
"2720","FALSE"
"2721","FALSE"
"2722","FALSE"
"2723","FALSE"
"2724","FALSE"
"2725","FALSE"
"2726","FALSE"
"2727","FALSE"
"2728","FALSE"
"2729","FALSE"
"2730","FALSE"
"2731","FALSE"
"2732","FALSE"
"2733","FALSE"
"2734","FALSE"
"2735","FALSE"
"2736","FALSE"
"2737","FALSE"
"2738","FALSE"
"2739","FALSE"
"2740","FALSE"
"2741","FALSE"
"2742","FALSE"
"2743","FALSE"
"2744","FALSE"
"2745","FALSE"
"2746","FALSE"
"2747","FALSE"
"2748","TRUE"
"2749","FALSE"
"2750","FALSE"
"2751","FALSE"
"2752","FALSE"
"2753","FALSE"
"2754","FALSE"
"2755","FALSE"
"2756","FALSE"
"2757","FALSE"
"2758","FALSE"
"2759","FALSE"
"2760","FALSE"
"2761","FALSE"
"2762","FALSE"
"2763","FALSE"
"2764","FALSE"
"2765","FALSE"
"2766","FALSE"
"2767","FALSE"
"2768","FALSE"
"2769","FALSE"
"2770","FALSE"
"2771","FALSE"
"2772","FALSE"
"2773","FALSE"
"2774","FALSE"
"2775","FALSE"
"2776","FALSE"
"2777","FALSE"
"2778","FALSE"
"2779","TRUE"
"2780","FALSE"
"2781","FALSE"
"2782","FALSE"
"2783","FALSE"
"2784","FALSE"
"2785","FALSE"
"2786","FALSE"
"2787","FALSE"
"2788","FALSE"
"2789","FALSE"
"2790","FALSE"
"2791","FALSE"
"2792","FALSE"
"2793","FALSE"
"2794","FALSE"
"2795","FALSE"
"2796","TRUE"
"2797","FALSE"
"2798","FALSE"
"2799","FALSE"
"2800","FALSE"
"2801","FALSE"
"2802","FALSE"
"2803","FALSE"
"2804","TRUE"
"2805","FALSE"
"2806","FALSE"
"2807","FALSE"
"2808","FALSE"
"2809","FALSE"
"2810","FALSE"
"2811","FALSE"
"2812","FALSE"
"2813","FALSE"
"2814","FALSE"
"2815","FALSE"
"2816","FALSE"
"2817","FALSE"
"2818","FALSE"
"2819","FALSE"
"2820","FALSE"
"2821","FALSE"
"2822","FALSE"
"2823","FALSE"
"2824","FALSE"
"2825","TRUE"
"2826","FALSE"
"2827","FALSE"
"2828","TRUE"
"2829","FALSE"
"2830","FALSE"
"2831","TRUE"
"2832","FALSE"
"2833","FALSE"
"2834","FALSE"
"2835","FALSE"
"2836","FALSE"
"2837","FALSE"
"2838","FALSE"
"2839","FALSE"
"2840","TRUE"
"2841","FALSE"
"2842","FALSE"
"2843","FALSE"
"2844","FALSE"
"2845","TRUE"
"2846","FALSE"
"2847","FALSE"
"2848","FALSE"
"2849","FALSE"
"2850","FALSE"
"2851","FALSE"
"2852","FALSE"
"2853","TRUE"
"2854","FALSE"
"2855","FALSE"
"2856","FALSE"
"2857","FALSE"
"2858","FALSE"
"2859","FALSE"
"2860","FALSE"
"2861","FALSE"
"2862","FALSE"
"2863","FALSE"
"2864","FALSE"
"2865","FALSE"
"2866","FALSE"
"2867","TRUE"
"2868","FALSE"
"2869","FALSE"
"2870","FALSE"
"2871","FALSE"
"2872","FALSE"
"2873","FALSE"
"2874","TRUE"
"2875","FALSE"
"2876","FALSE"
"2877","FALSE"
"2878","FALSE"
"2879","TRUE"
"2880","FALSE"
"2881","FALSE"
"2882","FALSE"
"2883","FALSE"
"2884","FALSE"
"2885","FALSE"
"2886","TRUE"
"2887","FALSE"
"2888","FALSE"
"2889","FALSE"
"2890","FALSE"
"2891","FALSE"
"2892","FALSE"
"2893","FALSE"
"2894","FALSE"
"2895","FALSE"
"2896","FALSE"
"2897","TRUE"
"2898","FALSE"
"2899","FALSE"
"2900","FALSE"
"2901","FALSE"
"2902","FALSE"
"2903","FALSE"
"2904","FALSE"
"2905","TRUE"
"2906","FALSE"
"2907","FALSE"
"2908","FALSE"
"2909","FALSE"
"2910","FALSE"
"2911","FALSE"
"2912","FALSE"
"2913","FALSE"
"2914","FALSE"
"2915","FALSE"
"2916","FALSE"
"2917","FALSE"
"2918","FALSE"
"2919","FALSE"
"2920","FALSE"
"2921","FALSE"
"2922","FALSE"
"2923","FALSE"
"2924","FALSE"
"2925","FALSE"
"2926","FALSE"
"2927","TRUE"
"2928","FALSE"
"2929","TRUE"
"2930","FALSE"
"2931","TRUE"
"2932","FALSE"
"2933","FALSE"
"2934","FALSE"
"2935","FALSE"
"2936","FALSE"
"2937","FALSE"
"2938","FALSE"
"2939","FALSE"
"2940","FALSE"
"2941","FALSE"
"2942","FALSE"
"2943","FALSE"
"2944","FALSE"
"2945","FALSE"
"2946","FALSE"
"2947","FALSE"
"2948","FALSE"
"2949","FALSE"
"2950","TRUE"
"2951","FALSE"
"2952","FALSE"
"2953","FALSE"
"2954","FALSE"
"2955","FALSE"
"2956","FALSE"
"2957","FALSE"
"2958","FALSE"
"2959","FALSE"
"2960","FALSE"
"2961","FALSE"
"2962","FALSE"
"2963","FALSE"
"2964","FALSE"
"2965","FALSE"
"2966","FALSE"
"2967","FALSE"
"2968","FALSE"
"2969","FALSE"
"2970","FALSE"
"2971","FALSE"
"2972","FALSE"
"2973","FALSE"
"2974","FALSE"
"2975","FALSE"
"2976","FALSE"
"2977","FALSE"
"2978","FALSE"
"2979","FALSE"
"2980","FALSE"
"2981","FALSE"
"2982","FALSE"
"2983","FALSE"
"2984","FALSE"
"2985","FALSE"
"2986","FALSE"
"2987","FALSE"
"2988","FALSE"
"2989","FALSE"
"2990","FALSE"
"2991","FALSE"
"2992","FALSE"
"2993","FALSE"
"2994","FALSE"
"2995","FALSE"
"2996","FALSE"
"2997","FALSE"
"2998","FALSE"
"2999","FALSE"
"3000","FALSE"
"3001","FALSE"
"3002","FALSE"
"3003","FALSE"
"3004","FALSE"
"3005","FALSE"
"3006","FALSE"
"3007","FALSE"
"3008","FALSE"
"3009","FALSE"
"3010","FALSE"
"3011","FALSE"
"3012","FALSE"
"3013","FALSE"
"3014","FALSE"
"3015","FALSE"
"3016","FALSE"
"3017","FALSE"
"3018","FALSE"
"3019","FALSE"
"3020","FALSE"
"3021","FALSE"
"3022","FALSE"
"3023","FALSE"
"3024","FALSE"
"3025","FALSE"
"3026","FALSE"
"3027","FALSE"
"3028","FALSE"
"3029","FALSE"
"3030","FALSE"
"3031","FALSE"
"3032","FALSE"
"3033","FALSE"
"3034","FALSE"
"3035","FALSE"
"3036","FALSE"
"3037","FALSE"
"3038","FALSE"
"3039","FALSE"
"3040","FALSE"
"3041","FALSE"
"3042","FALSE"
"3043","FALSE"
"3044","FALSE"
"3045","FALSE"
"3046","FALSE"
"3047","TRUE"
"3048","FALSE"
"3049","FALSE"
"3050","FALSE"
"3051","FALSE"
"3052","FALSE"
"3053","FALSE"
"3054","FALSE"
"3055","FALSE"
"3056","TRUE"
"3057","FALSE"
"3058","FALSE"
"3059","FALSE"
"3060","FALSE"
"3061","FALSE"
"3062","FALSE"
"3063","FALSE"
"3064","FALSE"
"3065","FALSE"
"3066","FALSE"
"3067","FALSE"
"3068","FALSE"
"3069","FALSE"
"3070","FALSE"
"3071","FALSE"
"3072","FALSE"
"3073","FALSE"
"3074","FALSE"
"3075","FALSE"
"3076","FALSE"
"3077","FALSE"
"3078","FALSE"
"3079","FALSE"
"3080","FALSE"
"3081","FALSE"
"3082","FALSE"
"3083","FALSE"
"3084","FALSE"
"3085","FALSE"
"3086","FALSE"
"3087","FALSE"
"3088","FALSE"
"3089","FALSE"
"3090","FALSE"
"3091","FALSE"
"3092","FALSE"
"3093","FALSE"
"3094","FALSE"
"3095","FALSE"
"3096","FALSE"
"3097","FALSE"
"3098","TRUE"
"3099","FALSE"
"3100","FALSE"
"3101","FALSE"
"3102","FALSE"
"3103","FALSE"
"3104","FALSE"
"3105","FALSE"
"3106","FALSE"
"3107","FALSE"
"3108","FALSE"
"3109","FALSE"
"3110","TRUE"
"3111","FALSE"
"3112","FALSE"
"3113","FALSE"
"3114","FALSE"
"3115","FALSE"
"3116","FALSE"
"3117","FALSE"
"3118","FALSE"
"3119","FALSE"
"3120","FALSE"
"3121","FALSE"
"3122","FALSE"
"3123","FALSE"
"3124","FALSE"
"3125","FALSE"
"3126","FALSE"
"3127","FALSE"
"3128","TRUE"
"3129","FALSE"
"3130","FALSE"
"3131","FALSE"
"3132","FALSE"
"3133","FALSE"
"3134","FALSE"
"3135","FALSE"
"3136","FALSE"
"3137","TRUE"
"3138","FALSE"
"3139","FALSE"
"3140","FALSE"
"3141","FALSE"
"3142","FALSE"
"3143","FALSE"
"3144","FALSE"
"3145","FALSE"
"3146","FALSE"
"3147","FALSE"
"3148","TRUE"
"3149","TRUE"
"3150","FALSE"
"3151","FALSE"
"3152","FALSE"
"3153","FALSE"
"3154","FALSE"
"3155","FALSE"
"3156","FALSE"
"3157","FALSE"
"3158","FALSE"
"3159","FALSE"
"3160","FALSE"
"3161","FALSE"
"3162","FALSE"
"3163","FALSE"
"3164","FALSE"
"3165","FALSE"
"3166","FALSE"
"3167","FALSE"
"3168","FALSE"
"3169","FALSE"
"3170","FALSE"
"3171","FALSE"
"3172","FALSE"
"3173","TRUE"
"3174","FALSE"
"3175","FALSE"
"3176","FALSE"
"3177","FALSE"
"3178","FALSE"
"3179","FALSE"
"3180","FALSE"
"3181","FALSE"
"3182","FALSE"
"3183","FALSE"
"3184","FALSE"
"3185","FALSE"
"3186","FALSE"
"3187","FALSE"
"3188","FALSE"
"3189","FALSE"
"3190","FALSE"
"3191","FALSE"
"3192","FALSE"
"3193","FALSE"
"3194","TRUE"
"3195","FALSE"
"3196","FALSE"
"3197","FALSE"
"3198","FALSE"
"3199","FALSE"
"3200","FALSE"
"3201","FALSE"
"3202","FALSE"
"3203","FALSE"
"3204","FALSE"
"3205","FALSE"
"3206","FALSE"
"3207","FALSE"
"3208","FALSE"
"3209","FALSE"
"3210","FALSE"
"3211","FALSE"
"3212","FALSE"
"3213","FALSE"
"3214","FALSE"
"3215","FALSE"
"3216","FALSE"
"3217","FALSE"
"3218","FALSE"
"3219","FALSE"
"3220","FALSE"
"3221","FALSE"
"3222","FALSE"
"3223","FALSE"
"3224","FALSE"
"3225","FALSE"
"3226","FALSE"
"3227","FALSE"
"3228","FALSE"
"3229","FALSE"
"3230","FALSE"
"3231","FALSE"
"3232","FALSE"
"3233","FALSE"
"3234","FALSE"
"3235","FALSE"
"3236","FALSE"
"3237","FALSE"
"3238","FALSE"
"3239","FALSE"
"3240","FALSE"
"3241","FALSE"
"3242","TRUE"
"3243","FALSE"
"3244","FALSE"
"3245","FALSE"
"3246","FALSE"
"3247","FALSE"
"3248","FALSE"
"3249","FALSE"
"3250","FALSE"
"3251","FALSE"
"3252","FALSE"
"3253","FALSE"
"3254","FALSE"
"3255","FALSE"
"3256","FALSE"
"3257","FALSE"
"3258","FALSE"
"3259","FALSE"
"3260","FALSE"
"3261","FALSE"
"3262","FALSE"
"3263","FALSE"
"3264","FALSE"
"3265","FALSE"
"3266","TRUE"
"3267","FALSE"
"3268","FALSE"
"3269","FALSE"
"3270","FALSE"
"3271","FALSE"
"3272","FALSE"
"3273","FALSE"
"3274","FALSE"
"3275","TRUE"
"3276","FALSE"
"3277","FALSE"
"3278","FALSE"
"3279","FALSE"
"3280","FALSE"
"3281","FALSE"
"3282","FALSE"
"3283","FALSE"
"3284","TRUE"
"3285","FALSE"
"3286","FALSE"
"3287","FALSE"
"3288","TRUE"
"3289","FALSE"
"3290","FALSE"
"3291","FALSE"
"3292","FALSE"
"3293","FALSE"
"3294","FALSE"
"3295","FALSE"
"3296","FALSE"
"3297","FALSE"
"3298","FALSE"
"3299","FALSE"
"3300","FALSE"
"3301","FALSE"
"3302","FALSE"
"3303","FALSE"
"3304","FALSE"
"3305","FALSE"
"3306","FALSE"
"3307","FALSE"
"3308","FALSE"
"3309","FALSE"
"3310","FALSE"
"3311","FALSE"
"3312","FALSE"
"3313","FALSE"
"3314","FALSE"
"3315","FALSE"
"3316","FALSE"
"3317","FALSE"
"3318","FALSE"
"3319","FALSE"
"3320","FALSE"
"3321","FALSE"
"3322","FALSE"
"3323","FALSE"
"3324","FALSE"
"3325","FALSE"
"3326","FALSE"
"3327","FALSE"
"3328","FALSE"
"3329","FALSE"
"3330","FALSE"
"3331","FALSE"
"3332","FALSE"
"3333","FALSE"
"3334","FALSE"
"3335","FALSE"
"3336","FALSE"
"3337","FALSE"
"3338","TRUE"
"3339","FALSE"
"3340","FALSE"
"3341","FALSE"
"3342","FALSE"
"3343","FALSE"
"3344","FALSE"
"3345","FALSE"
"3346","FALSE"
"3347","FALSE"
"3348","FALSE"
"3349","FALSE"
"3350","FALSE"
"3351","FALSE"
"3352","FALSE"
"3353","FALSE"
"3354","FALSE"
"3355","FALSE"
"3356","FALSE"
"3357","FALSE"
"3358","FALSE"
"3359","FALSE"
"3360","FALSE"
"3361","FALSE"
"3362","FALSE"
"3363","FALSE"
"3364","FALSE"
"3365","FALSE"
"3366","FALSE"
"3367","FALSE"
"3368","FALSE"
"3369","FALSE"
"3370","FALSE"
"3371","FALSE"
"3372","FALSE"
"3373","FALSE"
"3374","FALSE"
"3375","FALSE"
"3376","FALSE"
"3377","FALSE"
"3378","FALSE"
"3379","FALSE"
"3380","FALSE"
"3381","FALSE"
"3382","FALSE"
"3383","FALSE"
"3384","FALSE"
"3385","FALSE"
"3386","FALSE"
"3387","FALSE"
"3388","FALSE"
"3389","FALSE"
"3390","FALSE"
"3391","FALSE"
"3392","FALSE"
"3393","FALSE"
"3394","FALSE"
"3395","FALSE"
"3396","FALSE"
"3397","FALSE"
"3398","FALSE"
"3399","FALSE"
"3400","FALSE"
"3401","FALSE"
"3402","TRUE"
"3403","FALSE"
"3404","FALSE"
"3405","FALSE"
"3406","FALSE"
"3407","FALSE"
"3408","TRUE"
"3409","TRUE"
"3410","FALSE"
"3411","FALSE"
"3412","FALSE"
"3413","FALSE"
"3414","FALSE"
"3415","FALSE"
"3416","FALSE"
"3417","FALSE"
"3418","FALSE"
"3419","FALSE"
"3420","FALSE"
"3421","FALSE"
"3422","TRUE"
"3423","FALSE"
"3424","FALSE"
"3425","FALSE"
"3426","FALSE"
"3427","FALSE"
"3428","FALSE"
"3429","FALSE"
"3430","FALSE"
"3431","FALSE"
"3432","FALSE"
"3433","FALSE"
"3434","TRUE"
"3435","FALSE"
"3436","FALSE"
"3437","FALSE"
"3438","FALSE"
"3439","FALSE"
"3440","FALSE"
"3441","TRUE"
"3442","FALSE"
"3443","FALSE"
"3444","FALSE"
"3445","FALSE"
"3446","FALSE"
"3447","FALSE"
"3448","FALSE"
"3449","FALSE"
"3450","FALSE"
"3451","FALSE"
"3452","FALSE"
"3453","FALSE"
"3454","FALSE"
"3455","FALSE"
"3456","TRUE"
"3457","FALSE"
"3458","FALSE"
"3459","FALSE"
"3460","FALSE"
"3461","FALSE"
"3462","FALSE"
"3463","FALSE"
"3464","FALSE"
"3465","FALSE"
"3466","FALSE"
"3467","FALSE"
"3468","FALSE"
"3469","FALSE"
"3470","TRUE"
"3471","FALSE"
"3472","FALSE"
"3473","TRUE"
"3474","FALSE"
"3475","FALSE"
"3476","FALSE"
"3477","FALSE"
"3478","FALSE"
"3479","FALSE"
"3480","TRUE"
"3481","FALSE"
"3482","FALSE"
"3483","FALSE"
"3484","FALSE"
"3485","FALSE"
"3486","TRUE"
"3487","FALSE"
"3488","FALSE"
"3489","FALSE"
"3490","FALSE"
"3491","FALSE"
"3492","FALSE"
"3493","FALSE"
"3494","FALSE"
"3495","FALSE"
"3496","FALSE"
"3497","FALSE"
"3498","FALSE"
"3499","FALSE"
"3500","FALSE"
"3501","FALSE"
"3502","FALSE"
"3503","FALSE"
"3504","FALSE"
"3505","TRUE"
"3506","FALSE"
"3507","FALSE"
"3508","FALSE"
